Date,AMZN,ARCH,BA,BAX,CELH,CL,FMS,GD,GSK,IAU,LMT,LVMUY,MDR,MINT,MRK,MU,NGG,NLY,NOC,PANW,PXD,RTN,SHY,SNAP,TLT,TSLA,UUP,VIXY,VZ,WDC,XOM
2019-01-02,1539.13,83.57,316.52,64.78,3.45,57.78,32.04,153.67,36.06,12.3,259.65,57.24,7.16,98.69,74.09,32.75,46.82,9.08,243.42,183.21,133.55,151.77,82.13,5.79,119.74,310.12,25.64,37.46,53.75,37.08,66.5
2019-01-03,1500.28,80.33,303.9,63.97,3.4,57.51,30.59,149.87,36.02,12.41,253.13,54.93,7.3,98.72,72.57,31.0,47.05,9.19,237.05,179.7,133.98,147.48,82.3,5.68,121.1,300.36,25.5,39.22,53.94,34.55,65.48
2019-01-04,1575.39,82.89,319.71,65.97,3.38,58.05,33.26,154.17,36.77,12.32,259.96,56.73,7.66,98.72,74.76,32.7,47.81,9.2,244.93,184.39,138.51,151.37,82.12,5.95,119.7,317.69,25.46,36.07,54.07,36.01,67.9
2019-01-07,1629.51,81.28,320.72,65.65,3.65,58.4,33.08,155.03,36.95,12.35,262.94,57.13,8.14,98.71,73.93,34.0,47.8,9.22,246.84,187.35,141.52,152.97,82.07,6.21,119.35,334.96,25.35,35.31,54.42,37.29,68.25
2019-01-08,1656.58,81.55,332.86,65.47,3.78,59.05,32.87,155.04,37.19,12.32,264.69,58.71,8.15,98.72,74.48,33.74,48.31,9.0,247.96,190.43,141.4,154.79,82.02,6.4,119.03,335.35,25.43,34.57,56.01,36.93,68.75
2019-01-09,1659.42,84.13,336.09,66.59,3.75,59.78,34.11,157.23,37.32,12.39,265.35,59.75,8.24,98.75,73.91,35.44,48.56,9.04,249.13,193.11,144.99,155.5,82.06,6.28,118.85,338.53,25.19,33.77,55.3,38.56,69.11
2019-01-10,1656.22,84.69,344.67,66.78,3.97,60.29,33.74,158.72,37.47,12.32,272.18,59.12,8.47,98.77,73.0,35.91,49.27,8.97,254.58,196.0,144.43,157.12,82.07,6.22,118.08,344.97,25.34,33.42,55.84,38.58,68.76
2019-01-11,1640.56,84.65,344.95,66.28,3.88,60.56,33.66,160.07,37.49,12.34,272.4,58.42,8.53,98.8,73.41,36.01,49.47,9.13,252.99,195.97,141.44,156.72,82.12,6.28,118.54,347.26,25.36,32.33,56.24,38.8,68.44
2019-01-14,1617.21,84.2,342.47,65.6,3.6,60.08,33.48,160.77,36.76,12.37,272.19,57.03,8.61,98.82,71.91,34.67,48.51,9.22,256.85,194.93,142.09,158.04,82.12,6.31,118.1,334.4,25.36,32.46,56.25,36.89,68.36
2019-01-15,1674.56,79.41,344.31,67.01,3.64,60.68,33.67,159.42,37.18,12.35,270.7,56.82,8.74,98.83,73.02,33.99,49.15,9.26,255.84,200.17,142.23,157.68,82.14,6.54,117.67,344.43,25.45,31.0,56.32,36.52,68.39
2019-01-16,1683.78,80.0,344.13,67.72,3.62,60.59,33.95,159.87,36.57,12.39,267.16,56.1,8.54,98.86,73.13,33.58,49.49,9.35,252.68,201.3,142.74,156.93,82.12,5.64,117.79,346.05,25.48,31.56,55.33,36.66,68.37
2019-01-17,1693.22,84.57,351.0,68.57,3.64,60.46,34.28,162.86,37.11,12.38,273.45,55.9,8.72,98.86,74.1,33.88,49.4,9.36,260.92,203.3,142.47,160.33,82.12,5.74,117.82,347.31,25.48,31.24,55.09,35.35,68.83
2019-01-18,1696.2,85.05,356.52,70.07,3.69,61.08,34.57,165.67,37.19,12.27,277.44,56.99,8.96,98.92,74.36,35.76,49.94,9.39,264.55,203.3,144.09,162.86,82.05,6.18,117.2,302.26,25.56,30.45,55.34,37.99,69.65
2019-01-22,1632.17,84.69,349.84,69.11,3.67,60.62,34.35,164.34,37.1,12.3,274.23,57.1,8.48,98.94,74.33,33.87,49.8,9.41,261.56,203.0,139.2,161.19,82.12,5.93,118.0,298.92,25.56,33.24,55.25,36.4,68.6
2019-01-23,1640.02,85.09,350.53,69.09,3.49,61.22,34.51,165.9,37.2,12.29,278.07,57.83,8.49,98.96,73.94,34.24,50.36,9.47,267.0,205.72,136.65,162.66,82.1,5.99,117.95,287.59,25.5,32.92,55.99,36.46,68.04
2019-01-24,1654.93,84.16,350.2,69.4,3.75,61.07,34.16,167.88,36.53,12.26,279.78,57.83,8.87,99.02,71.72,36.59,50.85,9.48,266.59,210.47,137.54,163.76,82.16,6.17,118.72,291.51,25.65,31.86,55.32,38.9,68.14
2019-01-25,1670.57,85.59,356.0,69.77,3.67,60.72,35.44,168.27,36.58,12.45,281.53,58.79,9.13,99.03,71.5,38.96,50.19,9.47,269.57,209.72,139.44,165.03,82.11,6.4,118.15,297.04,25.44,30.64,54.67,41.83,68.44
2019-01-28,1637.89,84.84,354.8,69.62,3.65,61.6,35.41,169.22,36.6,12.48,282.35,58.49,9.14,99.05,71.47,38.08,50.32,9.49,271.02,207.61,138.93,166.05,82.12,6.34,118.03,296.38,25.46,31.95,53.39,42.64,67.98
2019-01-29,1593.88,84.29,356.69,69.7,3.68,62.53,35.22,172.97,36.86,12.57,286.45,61.29,8.79,99.06,71.78,37.39,51.21,9.55,276.78,206.77,139.41,168.59,82.15,6.43,118.63,297.46,25.47,31.83,51.65,41.24,68.24
2019-01-30,1670.43,85.25,378.99,71.15,3.79,62.79,35.9,167.96,36.85,12.63,286.07,63.24,9.15,99.11,71.91,38.24,51.84,9.58,277.46,212.86,140.72,168.82,82.26,6.57,118.54,308.77,25.34,30.41,52.35,42.48,68.99
2019-01-31,1718.73,86.73,376.94,71.92,4.09,63.5,36.13,168.22,37.32,12.64,284.13,63.52,8.82,99.13,72.95,38.22,52.33,9.59,272.25,214.82,141.52,162.22,82.33,6.68,119.56,307.02,25.39,29.15,53.38,43.6,69.93
2019-02-01,1626.23,86.82,378.7,71.56,4.0,63.87,35.88,166.12,37.32,12.62,285.01,64.33,9.35,99.17,74.93,39.6,52.61,9.55,269.69,220.27,142.21,163.41,82.23,6.91,118.84,312.21,25.39,28.86,52.88,45.55,72.45
2019-02-04,1633.31,86.63,388.06,72.0,4.13,64.0,35.97,171.6,37.26,12.56,293.04,64.14,9.44,99.19,75.34,39.47,52.44,9.55,275.39,220.16,143.76,171.96,82.23,6.93,118.31,312.89,25.46,27.95,52.39,46.37,71.4
2019-02-05,1658.81,86.85,400.94,71.48,4.15,63.56,37.32,169.25,37.56,12.59,293.71,65.4,9.49,99.23,75.62,39.37,52.77,9.59,275.13,218.93,142.79,173.27,82.23,7.04,118.85,321.35,25.53,27.75,52.48,45.95,72.14
2019-02-06,1640.26,85.99,401.85,71.2,4.09,64.14,37.01,169.78,38.73,12.51,294.08,64.41,9.31,99.24,75.85,41.52,52.52,9.54,277.05,220.55,141.0,172.38,82.27,8.59,118.91,317.22,25.63,27.55,52.14,46.52,71.82
2019-02-07,1614.37,84.55,398.03,70.55,3.9,63.87,36.94,170.6,38.62,12.55,294.37,63.56,8.95,99.26,75.3,39.38,52.84,9.58,275.2,219.45,136.02,173.37,82.33,8.57,119.7,307.51,25.69,28.51,51.93,44.45,71.27
2019-02-08,1588.22,80.34,397.78,70.94,3.82,64.5,36.6,169.15,39.12,12.59,295.72,64.0,8.92,99.27,75.98,38.58,52.61,9.57,277.26,224.62,134.95,173.21,82.36,9.1,120.21,305.8,25.72,28.17,52.3,45.27,71.38
2019-02-11,1591.0,79.52,396.84,71.16,3.62,64.59,36.3,167.98,38.3,12.53,294.28,64.08,9.14,99.31,75.19,38.58,52.36,9.61,278.1,223.86,136.88,175.09,82.33,8.99,119.74,312.84,25.82,27.85,52.4,44.51,71.5
2019-02-12,1638.01,80.74,403.49,71.91,3.55,64.82,37.15,169.78,38.59,12.56,298.28,66.08,9.3,99.3,76.96,40.4,52.34,9.6,280.68,224.45,140.6,178.33,82.32,8.8,119.43,311.81,25.73,27.35,52.76,45.8,72.75
2019-02-13,1640.0,81.92,403.35,72.1,3.5,64.74,37.5,170.49,38.43,12.51,298.58,65.51,6.82,99.29,77.45,41.68,52.24,9.53,279.91,222.16,145.13,178.15,82.26,9.07,118.98,308.17,25.87,27.26,52.81,46.22,73.57
2019-02-14,1622.65,87.96,402.6,71.87,3.43,64.26,37.42,169.13,38.9,12.58,295.23,64.86,7.12,99.32,77.37,42.23,52.2,9.42,277.24,225.16,142.28,178.34,82.37,9.19,119.66,303.77,25.84,27.75,52.38,46.5,73.59
2019-02-15,1607.95,86.96,410.61,72.85,3.52,65.27,38.15,172.22,39.26,12.66,301.34,65.54,7.23,99.32,78.23,41.99,52.16,9.36,283.55,226.77,144.54,181.77,82.33,9.12,119.84,307.88,25.79,26.81,53.47,46.18,74.98
2019-02-19,1627.58,88.42,408.93,72.89,3.63,65.51,37.75,171.77,39.31,12.84,299.32,66.74,7.36,99.33,77.67,41.96,52.93,9.35,283.91,229.9,144.74,181.78,82.39,9.28,120.15,305.64,25.69,26.87,53.74,46.52,75.48
2019-02-20,1622.1,89.48,414.13,73.54,3.57,65.3,39.27,171.44,39.38,12.83,301.31,66.55,7.73,99.36,77.85,42.21,53.34,9.28,284.77,226.64,140.49,184.41,82.38,9.24,119.8,302.56,25.71,25.83,54.05,46.97,75.77
2019-02-21,1619.44,90.25,410.23,73.45,3.5,65.49,39.19,168.67,39.16,12.67,298.67,66.37,7.59,99.38,78.25,41.53,53.72,9.23,284.06,226.18,135.39,182.53,82.35,9.39,118.73,291.23,25.73,26.09,54.43,45.73,75.09
2019-02-22,1631.56,89.41,416.58,74.09,3.58,65.68,39.14,169.57,39.17,12.73,301.24,67.1,7.74,99.39,79.17,42.57,53.98,9.31,286.45,230.1,141.33,183.74,82.41,9.71,119.44,294.71,25.72,25.13,55.18,47.96,75.67
2019-02-25,1633.0,89.51,419.35,74.2,3.63,65.31,39.17,170.16,39.11,12.72,300.1,67.72,8.0,99.4,78.78,42.75,53.84,9.26,284.8,233.88,142.13,183.38,82.4,10.12,119.09,298.77,25.7,25.6,55.04,49.78,75.74
2019-02-26,1636.4,90.47,419.25,74.32,3.67,65.28,38.34,167.07,39.12,12.73,300.01,68.27,8.61,99.42,79.14,42.96,54.66,9.26,284.31,235.55,141.96,182.39,82.44,10.08,119.68,297.86,25.6,25.83,54.91,49.4,75.9
2019-02-27,1641.09,92.06,427.77,74.48,3.72,64.67,38.16,166.42,39.08,12.65,301.68,67.87,8.86,99.44,79.02,41.32,54.5,9.25,284.53,254.88,140.78,182.51,82.42,9.81,118.32,314.74,25.62,25.87,54.98,47.04,76.68
2019-02-28,1639.83,91.68,432.21,74.33,3.56,64.67,38.44,167.29,38.99,12.58,305.66,67.83,8.48,99.44,79.68,40.88,54.26,9.3,287.69,246.27,140.16,183.63,82.4,9.8,117.92,319.88,25.64,25.82,55.18,48.75,76.26
2019-03-01,1671.73,92.15,432.86,75.43,3.61,64.8,38.47,166.36,39.02,12.36,305.72,69.09,9.11,99.48,80.03,41.58,54.24,9.24,284.75,245.47,143.65,183.32,82.35,9.8,116.83,294.79,25.74,24.67,55.22,50.07,77.19
2019-03-04,1696.17,89.67,425.07,75.06,3.5,64.83,37.44,163.88,38.91,12.33,301.0,68.86,8.88,99.5,79.76,41.06,54.08,9.27,280.88,242.54,143.24,180.87,82.37,9.92,117.74,285.36,25.77,25.27,54.52,50.99,77.49
2019-03-05,1692.43,90.85,422.55,75.3,3.53,64.52,37.99,165.13,38.99,12.34,302.05,69.11,8.76,99.48,80.08,39.99,53.88,9.27,280.66,234.34,141.56,179.81,82.38,10.08,117.99,276.54,25.84,25.43,54.36,49.18,77.37
2019-03-06,1668.95,88.07,416.98,74.33,3.43,64.42,37.23,163.6,38.82,12.32,299.64,68.07,8.49,99.52,79.16,37.93,53.62,9.27,278.26,234.44,137.97,178.79,82.44,9.87,118.42,276.24,25.84,26.08,53.98,46.64,76.5
2019-03-07,1625.95,88.19,415.12,74.32,3.45,64.15,36.76,163.47,38.76,12.31,299.34,67.34,8.14,99.54,78.85,37.83,54.47,9.27,274.28,234.52,135.56,177.45,82.5,9.49,119.19,276.59,26.07,27.16,54.58,45.54,77.35
2019-03-08,1620.8,87.58,415.1,73.73,3.51,64.16,36.79,163.28,38.76,12.45,297.3,68.06,7.89,99.55,78.22,38.65,54.95,9.33,273.8,234.63,129.63,177.98,82.53,9.48,119.69,284.14,25.99,27.32,54.8,46.02,76.24
2019-03-11,1670.62,89.75,392.97,74.72,3.62,64.65,37.22,166.59,38.72,12.39,300.71,68.18,8.24,99.57,79.27,39.03,55.08,9.46,277.03,240.88,131.7,179.34,82.51,9.96,119.34,290.92,25.93,25.34,55.82,48.13,76.98
2019-03-12,1673.1,90.54,368.8,75.27,3.71,64.54,37.83,165.86,38.69,12.47,298.26,68.82,8.39,99.57,79.62,39.25,55.41,9.42,273.02,240.22,134.27,177.2,82.54,9.88,120.18,283.36,25.88,24.6,55.67,47.63,77.19
2019-03-13,1690.81,91.46,370.5,75.97,3.88,65.31,38.74,168.76,38.98,12.56,299.77,69.55,7.93,99.58,79.98,38.83,55.68,9.49,276.97,242.75,134.92,178.79,82.55,10.05,119.95,288.96,25.76,24.35,55.9,47.48,77.88
2019-03-14,1686.22,91.45,366.73,76.1,3.78,65.05,38.64,166.67,39.06,12.41,294.89,70.49,7.94,99.61,80.41,38.41,55.58,9.47,272.6,242.76,135.61,177.48,82.57,11.28,119.08,289.96,25.84,23.97,56.18,46.11,77.62
2019-03-15,1712.36,89.81,372.32,76.53,4.85,65.98,38.68,166.86,39.25,12.46,292.56,71.32,7.89,99.63,80.49,39.54,55.97,9.48,269.09,239.72,134.91,175.21,82.6,11.16,119.87,275.43,25.8,23.5,56.6,46.62,77.34
2019-03-18,1742.15,90.28,365.72,76.54,4.99,65.08,38.74,168.71,39.11,12.48,294.03,71.26,7.9,99.65,80.28,39.61,56.3,9.51,272.74,241.01,137.8,177.46,82.58,10.94,119.8,269.49,25.77,23.56,56.29,46.8,78.23
2019-03-19,1761.85,90.65,366.85,77.17,4.97,64.55,39.08,167.78,39.07,12.51,293.01,71.6,7.61,99.65,80.83,40.37,56.08,9.46,268.89,242.5,137.44,177.4,82.57,10.63,119.54,267.47,25.74,23.75,55.74,46.4,78.03
2019-03-20,1797.27,88.8,369.54,76.76,4.83,63.93,40.0,165.59,39.42,12.59,292.39,72.29,7.52,99.65,81.0,40.13,56.14,9.43,268.34,245.82,143.63,177.25,82.69,10.94,120.79,273.6,25.59,23.97,55.91,45.72,78.46
2019-03-21,1819.26,90.81,366.14,78.03,4.78,64.63,39.25,166.9,39.84,12.54,295.39,71.76,7.45,99.68,81.86,43.99,55.82,9.49,270.35,249.79,144.77,179.13,82.69,11.01,121.05,274.02,25.75,23.61,56.51,50.18,78.92
2019-03-22,1764.77,89.57,355.79,76.82,4.6,64.8,37.92,162.99,39.85,12.57,290.45,69.86,7.03,99.7,81.2,41.62,55.89,9.41,266.26,242.36,139.77,177.22,82.83,10.73,122.93,264.53,25.8,26.35,57.93,46.9,77.65
2019-03-25,1774.26,88.72,363.94,77.21,4.62,65.06,38.67,163.75,39.81,12.67,290.56,71.03,7.01,99.72,81.26,40.55,55.87,9.41,266.5,241.83,139.15,177.84,82.92,10.72,123.13,260.42,25.8,26.4,58.24,46.41,77.11
2019-03-26,1783.76,89.97,363.86,78.38,4.5,65.7,39.09,164.02,40.19,12.61,291.35,71.82,7.1,99.75,81.83,40.32,56.59,9.42,263.77,244.2,142.27,178.13,82.91,10.76,123.04,267.77,25.88,24.99,58.78,45.63,78.12
2019-03-27,1765.7,88.42,367.62,78.66,4.38,65.79,38.78,163.69,40.31,12.54,290.39,72.02,7.11,99.76,81.2,39.23,56.26,9.4,261.85,239.45,146.33,177.05,82.98,10.64,124.17,274.83,25.91,25.37,59.02,43.98,77.52
2019-03-28,1773.42,91.32,367.85,79.26,4.3,66.14,39.09,164.87,40.45,12.36,292.02,72.3,7.26,99.77,81.54,39.34,53.97,9.52,264.91,238.39,152.39,178.17,82.97,10.79,124.61,278.62,26.0,24.82,57.27,44.83,77.91
2019-03-29,1780.75,90.25,374.7,80.87,4.26,67.29,39.86,166.36,40.37,12.38,296.52,72.87,7.44,99.77,82.07,41.33,53.63,9.45,267.49,242.88,151.76,179.28,82.92,11.02,124.49,279.86,26.03,24.02,57.32,47.1,77.96
2019-04-01,1814.19,90.73,384.64,81.33,4.38,67.06,40.13,169.34,40.39,12.32,300.6,74.01,8.01,99.79,82.2,42.25,53.2,9.51,271.96,241.41,150.47,181.92,82.83,11.36,122.72,289.18,26.01,23.62,57.28,48.32,78.86
2019-04-02,1813.98,90.25,383.87,81.1,4.37,67.13,40.52,167.01,40.46,12.37,299.43,74.36,8.16,99.8,82.11,42.44,53.2,9.46,271.19,240.2,147.67,182.95,82.87,11.22,122.95,285.88,26.04,23.55,56.74,49.37,78.52
2019-04-03,1820.7,89.48,377.96,80.43,4.13,66.59,40.79,164.86,40.34,12.35,293.67,74.31,8.09,99.81,82.08,43.9,53.23,9.46,264.67,242.21,145.56,174.64,82.83,11.16,121.88,291.81,26.0,23.72,57.07,50.97,78.06
2019-04-04,1818.86,89.73,388.89,80.12,4.22,66.32,40.65,166.25,40.27,12.38,296.04,74.19,8.3,99.82,80.77,42.89,52.98,9.49,268.89,237.07,147.01,174.23,82.85,11.28,122.23,267.78,26.03,23.52,57.19,50.37,79.17
2019-04-05,1837.28,90.72,385.03,80.24,4.18,66.68,40.57,168.17,40.19,12.37,298.91,74.6,8.37,99.85,80.08,43.32,52.39,9.47,274.14,238.85,150.16,176.87,82.84,11.84,122.38,274.96,26.06,23.01,57.28,51.0,79.59
2019-04-08,1849.86,89.44,367.92,79.23,4.14,66.78,40.53,169.33,40.25,12.43,301.96,73.92,8.48,99.86,79.88,42.9,52.29,9.54,274.73,238.88,151.21,178.83,82.82,12.27,121.95,273.2,25.97,22.91,57.32,50.56,80.09
2019-04-09,1835.84,87.66,362.54,79.64,4.28,66.87,40.57,166.25,40.08,12.48,299.01,72.8,8.4,99.87,79.73,41.72,52.03,9.49,271.33,240.77,148.43,177.2,82.83,12.35,122.34,272.31,25.98,23.72,57.2,49.11,79.05
2019-04-10,1847.33,87.99,358.51,79.73,4.42,66.87,40.76,166.45,39.87,12.52,295.49,75.29,8.61,99.87,79.75,42.17,52.29,9.49,268.41,242.52,149.97,176.77,82.9,12.02,122.63,276.06,25.94,23.08,57.4,49.67,78.7
2019-04-11,1844.07,86.34,363.64,79.4,4.15,66.85,41.01,169.5,39.55,12.37,301.89,76.63,8.62,99.89,78.79,42.28,51.81,9.51,275.22,245.93,150.4,179.6,82.85,11.9,121.91,268.42,26.02,22.59,57.35,49.81,79.07
2019-04-12,1843.06,86.24,372.95,78.89,4.13,67.52,40.96,172.96,39.22,12.35,305.95,76.81,9.0,99.91,78.38,42.01,51.65,9.49,280.83,244.66,167.74,182.52,82.8,11.97,121.04,267.7,25.96,21.55,57.53,50.79,78.08
2019-04-15,1844.87,85.74,368.85,79.18,3.94,67.46,40.82,170.06,39.38,12.33,304.97,76.46,9.14,99.92,77.49,41.82,51.68,9.48,278.03,248.22,167.16,180.89,82.81,11.85,121.35,266.38,25.95,21.3,57.5,50.82,77.82
2019-04-16,1863.04,87.87,375.0,77.2,3.9,67.78,40.57,171.78,38.9,12.23,306.3,76.98,10.29,99.92,76.54,42.76,51.16,9.47,279.41,244.48,170.65,180.49,82.8,11.69,120.59,273.36,26.01,21.16,57.58,53.2,78.35
2019-04-17,1864.82,88.87,370.87,73.99,3.77,67.85,39.41,172.56,38.62,12.21,306.74,78.36,10.5,99.95,72.94,43.15,51.23,9.44,276.59,239.43,172.41,178.83,82.83,11.75,120.64,271.23,25.99,21.28,56.59,53.36,78.57
2019-04-18,1861.69,88.54,373.38,73.93,3.77,68.52,38.72,174.85,38.49,12.22,310.45,78.45,9.92,99.98,72.22,43.4,51.08,9.45,278.96,235.46,174.46,180.62,82.85,11.67,121.27,273.26,26.13,20.93,56.84,54.28,78.28
2019-04-22,1887.31,90.61,368.56,74.85,3.72,68.76,38.58,175.03,38.33,12.21,311.44,78.22,10.21,100.0,72.49,43.4,51.04,9.53,280.68,239.28,175.29,180.63,82.86,11.53,120.69,262.75,26.07,20.76,57.17,53.12,79.99
2019-04-23,1923.77,98.84,367.43,75.93,3.92,68.18,39.26,180.31,38.85,12.18,329.06,77.86,10.28,100.01,73.62,42.77,50.98,9.54,290.32,241.09,175.12,185.66,82.9,11.99,120.94,263.9,26.16,20.58,55.97,53.36,80.45
2019-04-24,1901.75,98.64,368.85,75.87,3.88,68.03,39.4,178.69,38.57,12.22,326.12,77.59,9.96,100.02,73.74,43.03,51.4,9.59,277.81,243.11,171.78,183.55,82.95,11.26,121.93,258.66,26.29,21.07,55.9,52.86,78.89
2019-04-25,1902.25,97.43,376.06,75.84,3.78,67.86,39.42,174.88,38.85,12.23,324.88,77.48,9.56,100.03,75.33,42.75,51.55,9.5,277.0,245.46,167.43,175.55,82.95,10.79,121.75,247.63,26.34,21.5,54.7,51.89,79.33
2019-04-26,1950.63,98.63,374.08,75.77,3.8,70.44,40.15,176.06,39.03,12.3,324.35,77.32,9.58,100.07,75.62,42.1,51.71,9.56,280.91,245.84,164.37,175.61,83.04,10.91,122.17,235.14,26.31,20.8,55.41,49.9,77.66
2019-04-29,1938.43,98.56,372.37,75.1,4.03,70.52,41.02,177.19,39.07,12.25,324.61,77.39,8.92,100.08,75.77,42.11,51.76,9.51,283.76,249.2,165.18,173.63,83.01,11.22,121.39,241.47,26.25,21.09,55.67,49.46,77.16
2019-04-30,1926.52,95.9,371.04,75.89,4.14,71.91,41.48,176.7,39.73,12.29,329.29,78.58,8.09,100.09,77.67,42.06,52.55,9.54,287.64,248.83,165.89,175.77,83.07,11.14,122.01,238.69,26.17,21.12,56.01,50.1,77.46
2019-05-01,1911.52,95.83,370.16,75.04,4.14,70.43,40.99,174.4,39.04,12.21,327.83,78.35,7.72,100.11,77.68,41.9,51.78,9.47,287.05,246.39,157.44,174.53,83.0,11.2,122.51,234.01,26.2,21.9,55.36,49.78,75.91
2019-05-02,1900.82,93.92,369.18,75.88,4.17,70.96,41.5,172.6,39.08,12.17,328.52,78.29,8.09,100.13,78.47,42.56,51.58,9.23,287.66,246.73,152.94,175.22,82.96,11.24,121.93,244.1,26.26,21.93,55.82,48.76,74.58
2019-05-03,1962.46,96.64,369.83,76.88,4.25,71.08,42.04,174.7,39.36,12.23,330.02,79.85,7.96,100.14,78.94,43.33,52.27,9.18,289.75,250.77,155.55,177.46,82.99,11.8,122.28,255.03,26.16,20.89,56.06,49.78,74.75
2019-05-06,1950.55,95.87,365.06,76.9,4.21,70.83,41.34,173.38,39.15,12.25,331.65,77.56,8.2,100.14,78.43,42.13,52.03,9.08,289.06,247.84,155.75,178.76,83.04,11.77,122.61,255.34,26.18,22.01,55.74,48.57,74.42
2019-05-07,1921.0,95.44,350.94,76.28,4.22,69.66,40.24,168.56,38.24,12.29,326.89,74.78,7.67,100.16,76.87,40.26,52.17,9.13,286.12,238.21,147.46,176.64,83.08,11.17,123.55,247.06,26.2,25.7,55.46,46.26,74.03
2019-05-08,1917.77,94.55,353.41,76.28,4.62,70.14,40.63,166.39,38.39,12.26,330.13,76.04,7.21,100.16,77.15,39.75,51.46,9.1,288.29,238.5,153.24,177.09,83.07,10.82,123.02,244.84,26.21,25.2,55.22,45.76,74.14
2019-05-09,1899.87,94.65,349.89,75.59,4.46,70.0,40.49,170.11,38.31,12.3,335.25,75.36,7.38,100.18,77.3,39.27,51.79,9.05,292.69,237.83,152.87,178.14,83.12,10.98,123.52,241.98,26.16,25.17,55.32,45.49,74.07
2019-05-10,1889.98,96.23,350.43,75.53,4.57,70.64,40.54,171.13,38.19,12.32,337.21,76.0,7.48,100.2,77.16,38.94,52.8,9.1,298.45,234.95,151.13,178.39,83.14,10.49,123.35,239.52,26.15,23.22,55.74,44.94,74.72
2019-05-13,1822.68,90.63,333.33,75.03,4.45,70.7,39.52,166.09,38.0,12.44,331.31,72.8,7.16,100.22,76.15,37.38,53.08,9.02,293.17,224.5,146.71,176.77,83.23,10.11,124.32,227.01,26.15,26.61,55.58,42.13,73.89
2019-05-14,1840.12,91.43,338.93,75.47,4.41,70.29,39.34,166.59,37.88,12.42,332.1,74.82,7.16,100.22,76.4,38.51,52.31,9.01,293.33,226.85,149.83,176.06,83.23,10.49,123.96,232.31,26.21,25.18,55.38,43.74,73.99
2019-05-15,1871.15,91.65,341.5,75.53,4.46,70.48,39.15,165.83,38.23,12.4,330.1,75.64,7.64,100.23,76.53,38.41,51.99,9.01,292.18,219.75,150.97,175.46,83.29,10.66,124.72,231.95,26.22,24.14,55.64,44.58,74.53
2019-05-16,1907.57,91.77,349.58,76.49,4.45,71.63,39.03,167.93,38.46,12.32,335.28,75.93,7.57,100.25,78.09,37.31,49.78,9.02,302.32,224.83,154.56,177.6,83.24,11.42,124.3,228.33,26.29,23.12,56.2,44.19,74.52
2019-05-17,1869.0,89.27,350.77,75.57,4.32,71.1,38.54,164.49,38.58,12.22,333.89,75.8,7.22,100.27,77.68,36.06,50.15,8.85,304.29,225.62,153.74,175.25,83.26,11.49,124.58,211.03,26.35,23.44,56.89,43.74,74.08
2019-05-20,1858.97,88.42,348.57,74.91,4.29,70.84,38.29,167.38,38.51,12.22,337.87,73.8,7.29,100.27,77.84,34.62,49.8,8.76,312.12,223.69,153.68,178.82,83.23,11.19,124.32,205.36,26.33,23.79,57.79,41.11,74.07
2019-05-21,1857.52,89.2,354.46,74.89,4.35,70.67,38.66,169.52,38.51,12.19,339.78,74.96,7.25,100.28,78.45,35.64,50.09,8.8,313.76,227.74,157.37,180.76,83.19,11.54,124.12,205.08,26.37,22.61,58.27,42.58,74.42
2019-05-22,1859.68,88.96,348.56,75.16,4.27,70.67,38.72,167.37,39.3,12.19,337.16,75.0,6.83,100.27,79.91,34.73,49.46,8.8,314.15,228.0,152.62,178.68,83.23,11.31,124.84,192.73,26.39,22.36,58.03,41.34,73.74
2019-05-23,1815.48,87.34,346.35,74.63,4.13,70.89,37.72,161.73,39.1,12.28,335.95,74.4,6.2,100.31,79.95,33.82,49.23,8.72,308.65,215.79,145.08,177.87,83.37,11.12,126.24,195.49,26.34,23.84,57.66,40.66,72.02
2019-05-24,1823.28,87.62,350.65,74.7,4.15,70.34,38.08,162.18,39.28,12.29,334.67,75.74,6.22,100.32,80.1,34.0,49.74,8.71,309.63,216.26,146.5,178.15,83.34,11.56,126.35,190.63,26.25,23.36,58.1,40.16,72.32
2019-05-28,1836.43,86.87,350.63,73.78,4.19,69.27,37.41,161.81,38.31,12.24,333.79,76.02,6.35,100.32,79.2,32.94,49.27,8.53,305.82,214.48,147.39,176.72,83.41,11.57,127.26,188.7,26.36,24.05,57.52,38.79,70.86
2019-05-29,1819.19,86.81,344.63,73.44,4.14,69.13,36.94,160.48,38.01,12.25,335.23,75.47,6.18,100.35,78.31,33.29,49.06,8.47,303.61,215.32,146.09,175.73,83.42,11.68,127.64,189.86,26.42,24.53,56.98,38.87,70.42
2019-05-30,1816.32,87.09,345.68,73.97,4.15,70.0,36.91,160.4,37.88,12.33,337.82,76.15,6.12,100.35,78.63,33.32,48.95,8.45,307.38,204.3,143.93,174.63,83.49,11.99,128.74,188.22,26.43,24.02,55.66,38.67,70.24
2019-05-31,1775.07,87.61,337.52,73.04,4.0,68.78,36.41,159.01,37.78,12.51,336.6,75.49,6.04,100.37,78.17,32.61,50.28,8.33,302.16,200.14,141.47,172.71,83.67,11.89,130.35,185.16,26.32,25.07,53.23,36.47,69.07
2019-06-03,1692.69,86.97,334.83,73.56,3.95,69.84,36.86,161.31,38.17,12.68,342.6,75.87,6.46,100.4,79.2,32.69,50.6,8.56,305.84,196.7,142.12,174.39,83.83,11.69,131.23,178.97,26.18,25.23,55.22,36.34,70.15
2019-06-04,1729.56,88.73,340.5,75.8,4.0,69.97,37.69,165.89,38.02,12.7,347.35,77.0,6.63,100.41,80.01,34.49,50.1,8.68,311.15,201.71,144.12,177.22,83.77,12.95,129.73,193.6,26.15,23.87,55.06,38.36,71.82
2019-06-05,1738.5,87.51,344.58,76.58,4.01,71.05,37.45,170.0,37.81,12.73,350.68,78.54,6.65,100.42,80.61,33.34,50.76,8.5,315.64,199.21,141.01,180.46,83.81,12.94,129.0,196.59,26.24,23.36,55.85,37.14,71.22
2019-06-06,1754.36,87.16,346.44,76.66,4.01,72.23,37.51,170.04,38.11,12.76,350.5,79.16,6.85,100.43,80.37,33.47,51.52,8.56,313.69,197.54,143.51,181.74,83.76,13.82,129.41,205.95,26.15,22.9,56.35,37.23,72.52
2019-06-07,1804.03,88.21,349.47,77.38,3.79,73.1,37.63,172.01,38.91,12.83,353.2,80.99,7.22,100.46,81.37,33.99,51.83,8.51,317.15,195.54,144.48,184.0,83.85,13.87,130.53,204.5,26.04,23.09,56.06,36.2,72.79
2019-06-10,1860.63,88.3,349.57,77.97,3.8,72.15,37.87,171.43,39.22,12.72,349.59,80.86,7.38,100.44,81.39,34.94,51.65,8.48,310.19,198.93,144.23,185.27,83.77,13.77,129.3,212.88,26.07,22.86,54.99,37.22,73.11
2019-06-11,1863.7,88.99,345.15,77.45,3.8,72.45,38.35,167.81,39.03,12.69,342.07,81.62,7.62,100.46,81.89,34.84,51.76,8.51,299.65,200.79,145.63,175.8,83.74,13.54,129.38,217.1,26.08,22.94,55.66,37.64,73.04
2019-06-12,1855.32,87.44,342.88,77.77,3.97,72.17,37.27,168.12,39.4,12.76,343.53,80.27,7.54,100.48,82.61,32.96,52.13,8.55,303.76,203.05,140.83,175.18,83.81,13.75,129.48,209.26,26.15,22.8,56.18,35.51,72.25
2019-06-13,1870.3,87.59,344.69,78.01,4.02,71.87,37.43,170.0,39.23,12.83,347.08,80.07,7.71,100.48,81.81,33.38,51.96,8.6,306.53,205.47,142.76,175.3,83.9,14.11,129.93,213.91,26.17,22.7,56.43,36.59,72.88
2019-06-14,1869.67,88.11,343.01,77.73,4.04,72.47,37.41,169.32,39.22,12.83,348.14,79.33,7.6,100.5,82.23,32.66,52.56,8.63,308.32,203.29,141.09,175.53,83.87,13.96,130.26,214.92,26.31,22.48,57.08,35.6,72.56
2019-06-17,1886.03,88.73,350.65,78.65,4.04,72.53,37.77,169.84,39.04,12.82,346.69,80.35,7.61,100.53,82.75,32.43,52.18,8.63,308.36,205.0,144.11,177.97,83.83,13.55,130.48,225.03,26.32,22.22,56.44,35.54,73.28
2019-06-18,1901.37,89.85,369.48,80.36,4.07,72.01,38.31,171.63,39.32,12.88,351.5,82.4,7.63,100.51,83.93,34.29,52.99,8.58,312.07,205.35,149.28,178.14,83.84,14.86,131.14,224.74,26.36,22.05,56.15,37.35,73.92
2019-06-19,1908.79,93.84,364.15,81.1,4.08,72.65,39.48,171.66,40.08,12.97,353.69,82.25,7.84,100.53,84.8,33.94,53.0,8.71,314.06,209.12,147.93,177.24,84.02,14.67,131.33,226.43,26.24,21.29,56.44,38.06,73.51
2019-06-20,1918.19,93.78,370.39,81.83,3.93,72.71,40.04,175.95,39.51,13.29,360.72,83.65,8.21,100.55,84.04,34.15,53.72,8.65,322.66,206.64,153.81,180.27,84.06,14.84,131.67,219.62,26.08,21.39,56.16,38.85,74.77
2019-06-21,1911.3,93.34,367.39,82.2,3.87,72.07,39.9,175.43,39.37,13.39,357.3,83.5,8.34,100.56,84.01,33.25,54.04,8.66,321.01,204.49,154.68,181.25,84.02,14.56,130.23,221.86,25.95,21.9,56.58,39.24,75.82
2019-06-24,1913.9,91.42,369.51,82.06,3.74,73.08,38.9,175.81,39.68,13.59,357.92,84.35,8.22,100.58,84.95,33.19,53.87,8.73,320.33,198.51,150.76,182.13,84.07,14.76,131.2,223.64,25.91,21.68,57.07,40.21,75.1
2019-06-25,1878.27,88.24,364.9,81.52,3.77,73.02,38.52,175.64,39.72,13.62,358.5,84.13,8.66,100.59,84.68,32.68,53.21,8.77,320.0,198.54,147.68,177.93,84.09,14.53,131.6,219.76,25.97,22.27,56.8,40.28,74.44
2019-06-26,1897.83,89.51,370.45,80.42,3.95,71.48,38.76,176.88,39.23,13.48,357.44,83.32,8.83,100.61,82.99,37.04,52.6,8.79,317.56,199.58,150.72,176.89,83.99,14.71,130.76,219.27,25.99,22.06,55.82,43.22,74.76
2019-06-27,1904.28,90.45,359.66,81.46,3.96,71.27,39.05,175.71,39.07,13.48,357.04,83.66,9.07,100.63,83.28,38.07,52.75,8.85,317.14,204.89,150.29,176.23,84.06,14.58,131.68,222.84,25.99,21.69,56.07,44.16,74.0
2019-06-28,1893.63,93.64,359.65,81.69,4.44,70.81,39.28,179.77,39.13,13.5,361.46,85.11,9.66,100.63,83.3,38.59,53.18,8.88,321.95,203.76,153.33,172.1,84.06,14.3,131.59,223.46,25.97,21.4,55.95,47.13,74.79
2019-07-01,1922.19,93.24,352.19,81.22,4.22,71.21,39.78,180.48,39.53,13.25,359.4,84.62,9.74,100.64,84.19,40.11,53.12,8.85,317.4,205.63,150.76,169.28,84.0,14.35,131.29,227.17,26.16,20.17,55.49,49.21,74.72
2019-07-02,1934.31,89.85,349.92,81.5,4.11,71.86,39.64,181.5,40.01,13.53,365.47,85.24,9.38,100.64,84.95,39.6,54.38,8.8,322.53,204.76,144.0,171.03,84.05,14.1,132.3,224.55,26.14,19.42,56.93,47.9,73.9
2019-07-03,1939.0,89.96,350.23,81.86,4.11,73.11,39.85,181.6,40.41,13.56,368.26,85.74,8.99,100.66,86.33,39.59,54.33,8.87,324.08,208.95,145.05,171.67,84.07,14.76,133.24,234.9,26.14,19.32,56.93,47.52,74.6
2019-07-05,1942.91,90.44,351.6,81.8,4.05,72.26,39.94,181.23,39.94,13.4,367.8,85.7,9.15,100.7,85.03,39.42,53.88,8.92,324.03,209.42,146.02,171.87,83.9,15.23,131.47,233.1,26.28,19.39,57.11,48.09,74.3
2019-07-08,1952.32,90.51,346.92,81.37,4.09,72.5,39.44,180.42,39.62,13.32,367.07,85.98,9.06,100.71,83.49,40.41,53.45,8.91,322.83,209.83,145.3,171.99,83.86,15.14,131.65,230.34,26.33,19.91,56.7,49.43,74.64
2019-07-09,1988.3,89.31,348.86,81.19,4.25,72.23,37.48,179.79,39.84,13.36,367.61,86.0,9.31,100.7,84.3,41.35,53.49,8.96,324.64,215.34,142.87,174.09,83.83,15.25,131.6,230.06,26.35,19.99,55.83,51.03,74.59
2019-07-10,2017.41,88.93,348.08,81.91,4.26,72.61,38.41,181.49,40.19,13.57,366.05,85.72,10.51,100.72,84.26,42.9,53.53,9.0,322.9,214.68,146.1,176.14,83.98,15.26,130.88,238.92,26.24,19.37,56.41,53.56,75.65
2019-07-11,2001.07,88.63,354.7,82.32,4.36,73.0,39.6,182.54,40.02,13.46,366.12,86.22,10.4,100.73,80.47,43.48,52.85,8.98,323.77,217.66,144.36,177.21,83.94,15.57,129.13,238.6,26.24,19.04,56.33,53.78,75.7
2019-07-12,2011.0,89.67,360.96,81.44,4.1,73.49,39.32,184.77,39.52,13.54,367.34,86.52,10.49,100.74,79.2,44.51,52.65,8.98,328.35,216.94,143.79,178.27,83.95,15.61,129.28,245.08,26.19,18.7,56.6,54.81,75.76
2019-07-15,2020.99,88.11,357.28,81.8,4.24,73.11,39.75,185.33,39.99,13.54,365.59,85.62,10.58,100.76,80.43,44.4,52.54,9.02,324.1,219.66,140.21,177.26,83.97,15.5,130.02,253.5,26.23,18.69,56.99,54.16,75.23
2019-07-16,2009.9,89.0,358.41,81.86,4.7,73.6,39.5,185.81,40.26,13.43,363.26,86.13,10.48,100.77,81.05,43.06,51.66,9.04,322.67,219.87,139.58,179.19,83.94,15.0,129.64,252.38,26.35,18.75,56.82,51.04,74.1
2019-07-17,1992.03,87.57,365.1,82.44,4.5,73.29,38.09,182.49,40.22,13.64,356.42,85.75,10.44,100.78,81.38,43.37,51.53,9.05,320.85,223.64,135.87,177.38,84.02,14.93,131.04,254.86,26.3,19.18,56.63,51.04,73.66
2019-07-18,1977.9,85.48,356.79,82.87,4.6,73.41,38.38,182.12,40.49,13.83,354.17,86.56,10.21,100.8,82.14,44.67,52.32,9.14,319.99,222.31,135.63,175.23,84.12,14.55,131.05,253.54,26.16,19.01,56.62,52.41,73.04
2019-07-19,1964.52,86.16,372.84,82.89,4.76,72.24,37.63,182.79,40.05,13.65,354.92,85.6,10.43,100.8,80.85,45.52,51.88,9.08,321.01,222.26,137.6,177.7,84.03,14.02,130.74,258.18,26.29,19.22,56.01,52.0,73.19
2019-07-22,1985.63,87.96,368.95,82.48,4.93,71.89,38.04,183.56,40.21,13.63,355.58,86.3,10.4,100.82,80.67,47.19,51.91,9.2,322.04,221.59,137.76,179.68,84.04,14.15,130.99,255.68,26.34,18.82,54.93,54.82,73.26
2019-07-23,1994.49,89.71,368.61,83.09,4.84,71.82,38.37,184.9,40.4,13.56,355.75,85.48,10.53,100.82,81.49,46.95,52.24,9.28,322.83,223.95,139.49,180.44,84.02,14.83,130.27,260.17,26.46,18.18,54.91,55.49,73.56
2019-07-24,2000.81,90.58,357.1,83.72,5.06,70.83,38.47,186.56,40.51,13.62,366.79,86.1,10.79,100.83,81.21,47.99,52.61,9.27,341.74,225.02,139.16,183.3,84.04,17.61,130.84,264.88,26.46,17.7,55.39,56.86,73.55
2019-07-25,1973.82,88.51,343.92,84.94,5.01,71.48,37.57,186.53,40.61,13.53,368.2,84.3,10.62,100.85,81.21,47.77,52.38,9.23,353.45,223.4,135.44,191.69,83.99,17.69,130.21,228.82,26.51,18.26,55.78,56.47,73.13
2019-07-26,1943.05,90.92,340.87,84.93,5.04,73.23,37.59,188.64,40.97,13.55,367.35,85.74,10.24,100.86,80.89,47.49,52.28,9.33,351.26,227.03,135.21,188.87,84.0,17.89,130.52,228.04,26.55,17.8,56.49,56.0,73.01
2019-07-29,1912.45,89.72,336.14,85.75,4.9,75.09,38.09,188.74,41.24,13.64,367.5,84.59,10.08,100.86,81.95,46.82,52.43,9.34,354.16,225.65,133.1,188.76,84.0,17.5,130.56,235.77,26.57,17.92,56.78,55.3,73.53
2019-07-30,1898.53,91.04,343.3,85.94,4.99,74.27,35.61,188.03,40.89,13.69,363.9,83.51,6.52,100.87,82.72,47.46,51.69,9.4,351.65,227.78,137.42,185.12,84.01,16.93,130.88,242.26,26.57,18.37,56.05,56.09,73.54
2019-07-31,1866.78,88.62,337.1,83.76,4.99,71.29,34.77,184.87,40.36,13.52,360.1,82.73,6.42,100.86,82.44,44.89,51.44,9.28,344.33,226.54,137.57,181.4,84.0,16.8,131.93,241.61,26.73,19.4,54.7,53.42,72.57
2019-08-01,1855.32,78.06,330.29,84.86,4.75,70.81,34.42,182.37,40.55,13.83,361.01,82.37,5.78,100.93,83.14,43.6,51.99,9.13,343.78,225.39,127.12,178.71,84.24,16.68,134.55,233.85,26.65,20.9,54.69,55.02,70.72
2019-08-02,1823.24,77.81,335.5,84.49,4.91,70.75,34.24,180.92,40.13,13.79,359.84,80.18,5.38,100.93,83.91,44.08,51.9,9.16,339.94,221.56,126.83,178.4,84.26,17.03,135.79,234.34,26.59,21.05,55.02,53.91,70.02
2019-08-05,1765.13,76.72,327.1,81.7,4.76,68.37,33.37,175.75,39.46,13.98,356.38,76.22,5.0,100.96,82.57,41.94,50.66,8.96,341.58,214.53,121.42,179.27,84.43,16.46,138.14,228.32,26.46,24.15,54.65,52.29,68.59
2019-08-06,1787.83,75.66,328.47,83.2,4.7,69.41,33.51,179.63,39.41,14.1,364.68,79.06,4.72,100.94,83.79,42.62,50.76,9.09,352.98,214.11,119.82,183.93,84.47,16.29,139.25,230.75,26.49,22.62,54.48,53.11,69.25
2019-08-07,1793.4,75.32,327.41,83.61,4.5,70.0,33.45,179.81,39.61,14.3,367.19,81.12,4.55,100.96,83.69,41.75,51.39,9.06,360.13,211.98,121.71,183.64,84.48,15.91,139.3,233.42,26.47,22.72,54.52,52.37,68.8
2019-08-08,1832.89,78.05,334.4,85.52,4.81,71.26,33.59,183.11,40.06,14.39,375.01,81.97,4.61,100.94,84.17,42.63,51.4,9.26,367.64,215.05,126.34,187.35,84.45,16.76,139.59,238.3,26.49,21.35,55.25,54.71,70.64
2019-08-09,1807.58,75.62,335.59,85.75,4.49,71.07,33.66,183.04,40.03,14.33,374.85,81.98,4.26,100.96,84.96,41.52,51.04,9.18,369.21,215.19,125.74,185.94,84.4,16.98,139.32,235.01,26.46,22.15,55.21,53.78,69.14
2019-08-12,1784.92,75.06,331.01,85.38,4.17,70.28,33.15,180.31,39.8,14.46,374.84,79.67,3.92,100.97,84.46,42.13,51.1,9.06,371.87,216.3,126.31,182.65,84.49,16.81,142.22,229.01,26.44,23.76,55.12,53.69,68.8
2019-08-13,1824.34,77.07,330.93,87.96,4.35,71.24,33.5,182.06,40.2,14.38,375.06,80.81,4.01,100.97,85.51,44.17,50.94,8.95,369.33,222.46,127.92,182.71,84.39,17.0,141.73,235.0,26.56,21.98,55.79,55.11,69.65
2019-08-14,1762.96,75.04,318.56,85.62,4.19,70.08,32.72,179.79,39.25,14.48,366.83,77.34,3.98,100.97,82.85,42.04,50.38,8.64,360.13,216.57,122.3,177.59,84.5,16.36,144.93,219.62,26.62,25.06,55.15,53.95,66.84
2019-08-15,1776.12,74.92,326.1,85.56,4.12,70.92,32.52,181.17,39.52,14.58,371.32,76.93,4.05,100.99,82.91,42.24,51.61,8.62,363.91,214.61,122.59,177.65,84.68,15.99,146.54,215.64,26.64,24.44,55.72,53.58,66.45
2019-08-16,1792.57,76.35,328.53,86.75,4.15,71.82,33.13,183.29,39.75,14.49,374.84,77.42,4.0,101.0,84.5,43.55,52.26,8.7,366.59,199.27,124.18,177.32,84.67,15.98,145.36,219.94,26.66,23.08,56.07,54.7,67.49
2019-08-19,1816.12,77.48,331.84,87.65,4.04,72.62,33.54,186.51,39.93,14.32,378.29,78.62,4.2,101.01,85.62,45.01,52.5,8.77,368.75,198.03,127.78,178.32,84.58,16.16,143.28,226.83,26.72,21.35,56.41,56.75,68.62
2019-08-20,1801.38,76.34,329.83,86.75,3.99,72.08,33.41,186.09,39.82,14.42,379.57,78.85,4.02,101.01,85.08,44.23,51.58,8.75,367.69,199.68,126.17,184.54,84.64,16.08,144.77,225.86,26.66,21.86,55.69,55.7,68.21
2019-08-21,1823.54,77.4,338.02,87.09,4.17,72.15,33.41,187.39,40.24,14.36,380.81,81.37,4.15,101.02,86.34,44.17,51.91,8.67,367.82,203.77,126.5,184.17,84.56,16.14,143.8,220.83,26.69,20.82,56.01,55.85,68.89
2019-08-22,1804.66,74.62,352.35,86.99,3.86,72.58,33.33,186.47,40.53,14.34,383.67,80.24,4.39,101.04,86.15,44.78,52.04,8.7,370.69,204.56,125.64,186.07,84.52,16.08,142.85,222.15,26.67,21.15,56.2,56.42,68.74
2019-08-23,1749.62,72.09,353.94,84.81,3.77,71.78,33.41,182.49,40.74,14.62,374.73,78.41,4.47,101.05,84.38,42.96,51.91,8.55,360.2,201.57,120.24,179.65,84.66,15.55,145.19,211.4,26.52,23.78,55.34,54.15,66.69
2019-08-26,1768.87,74.33,356.96,85.55,3.94,72.31,33.64,183.59,40.84,14.63,378.14,78.63,4.75,101.07,85.31,43.43,52.02,8.52,365.34,203.65,119.84,180.83,84.62,16.11,144.61,215.0,26.66,23.15,56.13,54.16,67.04
2019-08-27,1761.83,75.92,352.67,86.17,3.74,72.98,33.18,182.3,40.81,14.76,377.82,79.46,4.67,101.06,84.96,42.44,52.3,8.19,362.88,202.08,117.61,177.52,84.65,15.51,146.84,214.08,26.64,23.57,56.59,52.2,66.39
2019-08-28,1764.25,73.61,357.88,86.71,4.06,73.53,33.28,184.37,40.86,14.73,378.79,78.93,4.48,101.08,85.91,43.15,51.87,8.05,362.6,198.2,120.38,178.55,84.67,15.55,147.02,215.59,26.7,23.03,57.35,52.97,66.87
2019-08-29,1786.4,75.34,360.64,87.5,4.17,73.73,33.7,188.38,41.26,14.62,382.23,79.92,4.72,101.09,86.15,44.67,52.09,8.08,366.61,200.15,122.94,181.84,84.63,15.78,146.47,221.71,26.77,22.1,57.34,54.6,67.61
2019-08-30,1776.29,76.56,361.98,87.95,4.1,73.68,33.6,190.17,41.12,14.56,384.11,79.79,4.72,101.1,85.9,45.27,52.31,8.07,366.55,203.62,123.0,184.42,84.66,15.83,146.51,225.61,26.87,22.12,57.56,56.77,67.66
2019-09-03,1789.84,76.7,352.36,87.78,3.95,73.84,33.58,188.19,41.96,14.79,384.69,77.98,4.64,101.13,86.08,44.99,52.93,7.96,364.92,199.13,122.04,181.21,84.72,15.93,146.7,225.01,26.93,23.23,57.44,56.96,67.74
2019-09-04,1800.62,77.7,354.46,87.5,3.66,74.4,33.8,189.61,41.92,14.88,389.08,81.42,4.83,101.14,85.48,46.81,52.95,8.0,370.73,200.49,123.75,182.51,84.79,15.8,146.92,220.68,26.76,21.76,57.58,58.81,68.46
2019-09-05,1840.72,76.16,358.21,87.91,3.94,73.82,33.9,191.16,41.64,14.53,385.15,82.7,4.88,101.14,85.53,49.03,52.08,8.14,367.11,212.05,128.1,184.37,84.61,15.87,144.26,229.58,26.77,20.91,57.99,61.4,69.43
2019-09-06,1833.51,76.64,360.89,89.78,3.68,74.23,34.26,191.56,41.63,14.41,386.56,83.66,4.97,101.17,86.0,48.97,51.7,8.08,367.77,215.92,128.43,189.53,84.62,16.62,145.28,227.45,26.78,20.34,58.45,61.69,70.08
2019-09-09,1831.35,81.0,356.7,87.2,3.76,72.73,34.63,186.99,41.03,14.34,380.21,83.55,5.86,101.17,82.92,49.13,50.54,8.15,355.83,211.18,131.55,188.49,84.53,15.31,142.7,231.79,26.73,20.12,58.06,62.2,70.64
2019-09-10,1820.55,82.1,367.35,85.91,3.88,71.67,34.8,186.79,40.44,14.22,381.32,82.25,6.12,101.18,81.15,49.39,50.55,8.33,355.09,206.84,134.29,192.03,84.39,15.02,140.2,235.54,26.76,20.1,59.1,61.72,71.21
2019-09-11,1822.99,82.5,380.72,86.71,4.17,72.39,34.75,187.51,40.37,14.31,381.55,83.59,5.91,101.17,82.37,50.48,51.06,8.41,358.85,214.41,132.95,192.18,84.39,15.31,139.95,247.1,26.84,19.71,59.51,63.73,71.07
2019-09-12,1843.55,80.42,373.45,87.82,3.6,71.83,34.62,188.32,40.58,14.33,386.63,84.15,6.12,101.19,82.76,50.44,51.29,8.36,365.22,209.24,129.9,196.49,84.37,15.77,139.03,245.87,26.76,19.24,59.81,64.13,71.12
2019-09-13,1839.34,80.57,377.56,86.93,3.79,70.26,34.76,188.87,40.44,14.22,384.86,84.55,5.79,101.19,82.61,50.5,51.44,8.42,363.68,208.35,134.97,197.75,84.23,16.0,136.06,245.2,26.72,18.95,59.34,64.03,71.77
2019-09-16,1807.84,81.99,376.65,86.92,3.76,68.99,34.75,189.87,40.16,14.34,392.66,80.72,6.08,101.21,82.03,50.15,51.73,8.44,371.43,215.8,143.74,203.07,84.3,15.76,137.8,242.81,26.84,19.25,58.89,62.44,72.85
2019-09-17,1822.55,80.58,381.97,87.57,3.63,69.42,34.93,190.21,40.65,14.36,393.98,81.69,5.88,101.22,82.51,50.84,52.4,8.51,374.47,212.69,138.53,200.03,84.34,16.83,138.55,244.79,26.72,19.17,59.25,63.35,72.3
2019-09-18,1817.46,77.54,384.17,87.44,3.65,70.3,34.85,189.2,40.61,14.27,397.04,80.65,2.16,101.23,83.02,50.48,52.61,8.5,377.42,210.19,137.3,199.34,84.29,16.9,139.13,243.49,26.82,18.53,59.31,63.0,71.95
2019-09-19,1821.5,75.99,382.21,87.46,3.56,70.5,35.02,187.05,40.87,14.34,393.43,80.86,1.58,101.24,83.97,49.82,53.23,8.58,375.58,208.89,135.46,198.36,84.3,16.88,139.55,246.6,26.76,18.21,59.36,62.1,71.47
2019-09-20,1794.16,71.94,377.19,87.4,3.54,70.5,34.54,186.29,41.17,14.51,388.25,81.27,2.01,101.24,85.16,49.16,53.16,8.7,368.18,208.25,133.88,193.98,84.39,17.04,141.4,240.62,26.83,19.09,59.67,60.15,71.22
2019-09-23,1785.3,73.12,374.84,86.84,3.56,71.05,34.46,185.71,41.46,14.59,387.67,80.78,2.35,101.26,84.36,49.6,53.43,8.75,369.13,209.71,133.29,195.78,84.44,17.12,141.37,241.23,26.87,18.97,59.59,60.45,71.27
2019-09-24,1741.61,69.31,379.44,86.45,3.49,72.03,34.42,183.64,41.61,14.66,389.17,81.16,2.15,101.26,83.6,48.51,53.94,8.65,369.51,207.47,130.38,194.69,84.53,17.04,143.07,223.21,26.77,19.85,59.89,59.06,70.29
2019-09-25,1768.33,72.31,383.96,86.8,3.47,71.79,33.81,184.93,40.96,14.39,390.43,79.28,2.08,101.27,83.1,49.47,53.17,8.68,375.01,211.36,127.72,196.5,84.42,17.11,140.98,228.7,26.98,19.42,59.65,60.51,70.5
2019-09-26,1739.84,72.5,384.65,87.73,3.39,72.26,33.69,184.93,41.58,14.39,392.92,79.22,2.2,101.3,83.88,48.6,54.62,8.71,382.15,208.79,126.35,196.97,84.46,17.0,141.88,242.56,27.05,19.55,59.82,61.26,70.12
2019-09-27,1725.45,74.41,380.64,85.93,3.35,72.8,33.69,181.97,41.88,14.32,387.87,78.52,2.0,101.31,82.91,43.21,54.02,8.74,371.18,202.4,126.32,194.57,84.51,16.02,142.23,242.13,27.01,20.09,59.68,59.96,70.63
2019-09-30,1735.91,74.2,378.26,87.47,3.48,73.05,33.59,181.68,42.21,14.1,390.06,79.35,2.02,101.3,84.18,42.85,54.13,8.8,374.79,203.83,125.77,195.24,84.55,15.8,142.58,240.87,27.1,19.52,59.74,59.12,69.77
2019-10-01,1735.65,73.58,372.76,85.91,3.34,71.28,32.6,177.68,41.85,14.17,384.19,78.21,1.83,101.35,83.61,42.3,54.05,8.59,367.79,205.0,121.73,191.2,84.64,15.52,143.01,244.69,27.01,20.37,59.23,58.07,68.13
2019-10-02,1713.23,74.64,365.23,84.23,3.26,70.08,31.8,173.41,40.74,14.34,378.16,75.56,1.75,101.36,81.62,41.98,52.91,8.54,362.5,205.41,120.98,190.35,84.73,14.8,143.36,243.13,26.99,21.75,58.3,56.32,66.35
2019-10-03,1724.42,76.16,369.91,85.24,3.17,70.42,32.05,173.87,41.0,14.41,380.06,76.73,1.7,101.38,82.74,43.46,52.95,8.66,364.33,208.46,124.69,192.8,84.91,14.3,144.67,233.03,26.98,20.94,58.4,57.78,67.17
2019-10-04,1739.65,76.73,373.52,86.64,3.28,71.62,32.44,175.62,41.53,14.41,384.95,77.1,1.63,101.38,85.0,44.55,53.76,8.66,368.98,210.57,125.45,193.51,84.9,14.52,145.74,231.43,26.96,19.79,59.28,58.57,68.15
2019-10-07,1732.66,75.57,374.36,85.79,3.23,71.17,32.28,175.68,41.74,14.28,383.78,77.41,1.8,101.39,84.39,44.16,54.13,8.65,367.92,212.81,124.54,193.04,84.81,14.47,144.53,237.72,27.01,20.0,59.63,57.99,67.21
2019-10-08,1705.51,74.32,371.93,85.01,3.19,70.24,32.1,175.48,41.42,14.41,382.12,77.23,1.8,101.39,83.29,42.64,53.88,8.57,368.44,206.94,123.46,192.22,84.86,14.15,144.92,240.05,27.05,21.59,59.1,55.52,65.91
2019-10-09,1721.99,75.9,372.78,86.9,3.22,70.19,32.67,176.03,41.62,14.42,384.61,80.79,1.76,101.37,84.18,42.88,53.6,8.65,367.63,209.41,126.51,196.12,84.81,14.21,144.1,244.53,27.03,20.79,59.22,56.53,66.64
2019-10-10,1720.26,77.41,368.85,87.61,3.22,70.32,32.59,176.69,41.79,14.29,386.88,82.42,1.95,101.41,83.76,43.28,53.84,8.69,368.75,209.3,129.35,198.61,84.71,14.08,141.95,244.74,26.92,20.12,59.83,57.34,67.44
2019-10-11,1731.92,79.33,372.74,88.03,3.23,70.07,33.17,179.63,41.72,14.21,381.47,83.04,2.04,101.4,84.34,45.1,55.78,8.71,362.22,210.42,132.51,198.72,84.63,14.16,140.2,247.89,26.82,18.97,59.93,58.35,68.16
2019-10-14,1736.43,79.29,371.01,87.2,3.24,68.97,32.92,179.12,41.71,14.26,382.61,83.78,2.14,101.42,84.69,44.86,55.34,8.67,366.42,213.55,129.89,199.38,84.64,13.76,141.21,256.96,26.9,18.32,59.6,59.28,68.36
2019-10-15,1767.38,79.04,368.81,87.74,3.17,67.97,33.68,178.45,41.81,14.18,382.75,84.17,2.2,101.42,85.04,46.46,56.78,8.65,361.94,212.58,130.41,199.43,84.62,14.09,139.51,257.89,26.82,17.81,60.55,60.82,68.59
2019-10-16,1777.43,78.84,370.27,87.02,3.23,67.42,33.87,178.29,41.82,14.25,382.84,83.64,2.35,101.42,84.45,45.16,57.06,8.65,364.69,212.94,128.41,200.38,84.66,13.67,139.68,259.75,26.75,17.58,60.29,59.46,67.42
2019-10-17,1787.48,79.46,366.92,87.85,3.22,67.65,34.13,176.76,42.0,14.27,377.06,83.71,2.48,101.43,83.8,45.5,57.76,8.66,356.27,214.27,127.7,199.35,84.66,13.78,139.34,261.97,26.65,17.5,60.41,59.62,67.33
2019-10-18,1757.51,78.98,342.0,87.99,3.17,67.6,34.17,174.43,42.06,14.25,372.48,83.51,2.35,101.47,84.68,43.47,58.21,8.78,349.62,212.61,123.36,199.75,84.69,13.52,139.34,256.95,26.55,17.47,61.05,58.13,66.8
2019-10-21,1785.66,78.93,329.14,88.45,3.24,67.87,34.24,175.45,42.13,14.18,374.05,83.77,2.04,101.48,84.52,45.22,58.02,8.95,350.39,212.27,125.39,202.24,84.65,14.58,138.29,253.5,26.57,17.0,60.75,58.6,67.92
2019-10-22,1765.73,83.29,335.04,87.04,3.22,67.06,32.21,179.88,42.05,14.23,373.68,83.51,1.77,101.49,81.3,44.66,58.46,8.89,352.38,213.41,130.42,204.71,84.68,14.0,139.1,255.58,26.63,17.26,60.77,58.86,68.27
2019-10-23,1762.17,86.0,338.52,87.95,3.32,67.54,32.73,173.56,42.8,14.27,373.09,83.68,1.7,101.51,82.87,44.66,59.47,8.96,353.2,217.2,130.6,203.55,84.67,13.18,139.24,254.68,26.62,17.05,60.88,57.65,68.92
2019-10-24,1780.78,84.94,342.55,79.08,3.52,68.34,32.77,174.67,43.54,14.37,374.74,84.85,1.66,101.51,82.58,47.1,59.05,8.85,356.91,221.57,129.27,211.21,84.67,13.52,138.96,299.68,26.7,16.82,60.58,59.52,68.27
2019-10-25,1761.33,83.58,337.86,77.28,3.46,68.41,32.78,173.54,43.34,14.4,370.73,85.18,1.62,101.53,82.26,48.03,57.89,8.79,345.0,224.65,129.83,212.15,84.62,13.96,138.28,328.13,26.73,16.25,60.37,61.23,68.42
2019-10-28,1777.08,83.81,338.9,77.85,3.53,67.35,33.13,174.93,43.91,14.27,371.84,84.9,1.63,101.52,82.2,48.69,57.65,8.89,346.53,227.95,125.55,211.61,84.59,14.68,137.02,327.71,26.71,16.43,60.18,62.73,67.82
2019-10-29,1762.71,82.44,346.91,77.86,3.55,67.92,34.69,176.03,44.1,14.22,371.1,84.67,1.79,101.55,85.1,48.11,57.42,8.94,347.17,224.59,127.12,211.65,84.61,14.64,137.11,316.22,26.7,16.42,60.19,62.79,67.62
2019-10-30,1779.99,82.06,344.05,76.88,3.55,68.58,36.03,178.24,45.14,14.32,378.64,85.88,1.65,101.55,86.22,47.88,57.75,8.92,354.08,226.98,122.55,214.32,84.66,14.86,139.12,315.01,26.64,16.0,60.82,62.16,66.91
2019-10-31,1776.66,78.89,337.94,76.7,3.52,68.6,36.07,176.8,45.3,14.46,376.68,85.35,1.63,101.56,86.66,47.55,58.37,8.98,352.48,227.39,123.02,212.21,84.81,15.06,140.99,314.92,26.59,16.26,60.47,51.65,66.76
2019-11-01,1791.44,79.03,343.19,77.91,3.6,66.81,36.61,179.73,44.77,14.46,379.17,87.02,1.67,101.6,84.94,48.38,58.12,9.1,352.13,233.57,127.56,216.09,84.76,15.18,140.56,313.31,26.58,15.52,60.37,53.83,68.77
2019-11-04,1804.66,77.89,349.05,77.83,3.65,65.41,37.03,178.07,44.54,14.43,374.48,88.55,1.73,101.59,83.9,49.59,57.58,9.06,340.67,234.02,136.06,214.34,84.7,15.35,138.71,317.47,26.68,15.56,59.87,54.96,70.82
2019-11-05,1801.71,79.41,356.21,77.48,3.56,65.96,37.44,179.3,43.79,14.19,373.63,88.73,1.62,101.58,82.92,48.68,57.27,8.97,337.85,233.52,135.86,213.09,84.64,14.83,137.15,317.22,26.78,15.87,59.5,54.14,72.22
2019-11-06,1795.77,80.34,352.14,78.37,3.7,66.52,37.46,181.57,43.87,14.26,379.79,88.46,1.49,101.6,83.25,47.68,57.45,9.04,344.02,232.69,133.57,215.33,84.69,14.41,137.98,326.58,26.78,15.8,60.13,53.72,70.64
2019-11-07,1788.2,78.95,357.31,78.0,3.98,66.87,37.9,182.95,43.73,14.03,378.75,89.31,1.38,101.6,82.88,48.4,56.89,9.08,343.43,233.86,136.57,215.0,84.59,14.16,135.48,335.54,26.84,15.65,60.53,53.24,72.14
2019-11-08,1785.88,80.42,351.0,78.51,3.95,66.63,37.61,185.08,43.93,13.95,381.86,89.35,0.97,101.59,83.59,47.19,56.96,9.12,350.11,236.93,134.99,215.84,84.6,14.19,134.91,337.14,26.9,15.32,59.35,52.02,70.77
2019-11-11,1771.65,77.76,366.96,78.86,4.05,66.54,37.0,184.35,43.78,13.9,381.38,89.21,0.92,101.59,83.28,46.26,56.77,9.11,350.0,236.01,133.64,216.0,84.62,14.39,135.0,345.09,26.86,15.28,59.61,51.99,70.34
2019-11-12,1778.0,75.72,362.88,80.1,3.94,66.64,36.55,185.28,44.03,13.95,386.3,88.85,0.84,101.58,84.12,46.9,56.72,9.12,351.69,241.15,136.13,216.88,84.63,14.38,135.62,349.93,26.9,15.1,59.32,52.54,69.37
2019-11-13,1753.11,75.82,362.5,80.88,3.8,66.88,36.14,184.72,44.17,14.0,387.69,88.64,0.87,101.6,84.82,46.3,56.99,9.07,353.72,243.23,133.5,215.37,84.67,14.47,136.5,346.11,26.89,15.2,59.41,51.02,68.8
2019-11-14,1754.6,76.88,367.44,80.74,3.83,66.64,36.05,185.19,43.85,14.06,390.16,88.84,0.64,101.64,84.55,46.8,57.41,9.11,355.69,245.51,132.37,216.7,84.75,14.37,137.91,349.35,26.87,14.97,59.34,50.38,68.5
2019-11-15,1739.49,76.43,371.68,81.44,3.85,66.37,36.51,187.08,44.09,14.03,393.55,89.48,0.68,101.66,84.9,47.71,57.74,9.11,356.66,247.0,134.28,218.88,84.72,13.94,137.76,352.17,26.81,14.32,59.51,50.34,69.19
2019-11-18,1752.53,75.39,369.46,81.12,3.83,67.13,36.85,186.58,44.33,14.08,392.76,89.03,0.68,101.68,84.13,47.82,58.43,9.21,356.7,248.59,133.2,219.29,84.76,14.69,138.01,349.99,26.76,14.3,59.44,49.51,68.52
